Workbook

Sheet README
A1: Reconcile report monthly cost totals to the Manager Approval widget
A2: *** Data in Report_Data and Widget_Data is SAMPLE (synthetic) - replace with your real August exports. ***
A4: How to use
A5: 1. Summary!B3: set the month start (yellow). Month end is calculated.
A6: 2. Summary!B4: set the widget status that its total counts (default 'Approved').
A7: 3. Paste real rows over the blue input columns in Report_Data (A:E) and Widget_Data (A:F). Row 5 onward; helper columns are pre-filled to row 150.
A8: 4. Read Summary: Variance bridge must show Unexplained = 0.00. Filter Report_Data!H / Widget_Data!H for line-level detail.
A10: Definitions (assumptions - confirm against the widget's actual logic)
A11: Report total = report lines whose cost_date is in the month.
A12: Widget total = widget rows with the chosen status whose approved_date is in the month.
A13: Variance = Report total - Widget total; each line's contribution = in-month report amount - amount the widget counts for that line_id.
A14: Widget-only rows (line_id absent from report) contribute -(widget amount).
... A17: Legend: blue = input, black = formula, yellow = parameter.

Sheet Summary
A1: Monthly cost reconciliation: report vs Manager Approval widget
A3: Month start | B3: 46235
A4: Widget counts status | B4: Approved
A5: Month end | B5: =EOMONTH(B3,0) -> 46265
A7: Report total | B7: =SUMIFS(Report_Data!$E$5:$E$500,Report_Data!$F$5:$F$500,1) -> 26815.14
A8: Widget total | B8: =SUM(Widget_Data!$G$5:$G$500) -> 26790.14
A9: Variance (Report - Widget) | B9: =B7-B8 -> 25
A10: Explained by categories below | B10: =E24 -> 25
A11: Unexplained (must be 0.00) | B11: =ROUND(B9-B10,2) -> 0
A12: Status | B12: =IF(B11=0,"RECONCILED - all variance explained","INVESTIGATE - unexplained variance") -> RECONCILED - all variance explained
A14: Variance bridge by category
A15: Category | B15: Lines | C15: Report amount (in month) | D15: Widget amount counted | E15: Variance
A16: Matched | B16: =COUNTIF(Report_Data!$H$5:$H$500,A16) -> 15 | C16: =SUMIFS(Report_Data!$E$5:$E$500,Report_Data!$H$5:$H$500,A16,Report_Data!$F$5:$F$500,1) -> 20455.14 | D16: =SUMIFS(Report_Data!$G$5:$G$500,Report_Data!$H$5:$H$500,A16) -> 20455.14 | E16: =C16-D16 -> 0
A17: Amount differs | B17: =COUNTIF(Report_Data!$H$5:$H$500,A17) -> 2 | C17: =SUMIFS(Report_Data!$E$5:$E$500,Report_Data!$H$5:$H$500,A17,Report_Data!$F$5:$F$500,1) -> 3345 | D17: =SUMIFS(Report_Data!$G$5:$G$500,Report_Data!$H$5:$H$500,A17) -> 5395 | E17: =C17-D17 -> -2050
A18: Missing in widget | B18: =COUNTIF(Report_Data!$H$5:$H$500,A18) -> 1 | C18: =SUMIFS(Report_Data!$E$5:$E$500,Report_Data!$H$5:$H$500,A18,Report_Data!$F$5:$F$500,1) -> 980 | D18: =SUMIFS(Report_Data!$G$5:$G$500,Report_Data!$H$5:$H$500,A18) -> 0 | E18: =C18-D18 -> 980
A19: In widget - not approved | B19: =COUNTIF(Report_Data!$H$5:$H$500,A19) -> 1 | C19: =SUMIFS(Report_Data!$E$5:$E$500,Report_Data!$H$5:$H$500,A19,Report_Data!$F$5:$F$500,1) -> 715 | D19: =SUMIFS(Report_Data!$G$5:$G$500,Report_Data!$H$5:$H$500,A19) -> 0 | E19: =C19-D19 -> 715
A20: In widget - approved in other month | B20: =COUNTIF(Report_Data!$H$5:$H$500,A20) -> 1 | C20: =SUMIFS(Report_Data!$E$5:$E$500,Report_Data!$H$5:$H$500,A20,Report_Data!$F$5:$F$500,1) -> 1320 | D20: =SUMIFS(Report_Data!$G$5:$G$500,Report_Data!$H$5:$H$500,A20) -> 0 | E20: =C20-D20 -> 1320
A21: Counted by widget - cost dated other month | B21: =COUNTIF(Report_Data!$H$5:$H$500,A21) -> 1 | C21: =SUMIFS(Report_Data!$E$5:$E$500,Report_Data!$H$5:$H$500,A21,Report_Data!$F$5:$F$500,1) -> 0 | D21: =SUMIFS(Report_Data!$G$5:$G$500,Report_Data!$H$5:$H$500,A21) -> 640 | E21: =C21-D21 -> -640
A22: Out of month - not in widget | B22: =COUNTIF(Report_Data!$H$5:$H$500,A22) -> 1 | C22: =SUMIFS(Report_Data!$E$5:$E$500,Report_Data!$H$5:$H$500,A22,Report_Data!$F$5:$F$500,1) -> 0 | D22: =SUMIFS(Report_Data!$G$5:$G$500,Report_Data!$H$5:$H$500,A22) -> 0 | E22: =C22-D22 -> 0
A23: Widget-only - not in report | B23: =COUNTIFS(Widget_Data!$J$5:$J$500,FALSE(),Widget_Data!$G$5:$G$500,">0") -> 1 | C23: 0 | D23: =SUMIFS(Widget_Data!$G$5:$G$500,Widget_Data!$J$5:$J$500,FALSE()) -> 300 | E23: =C23-D23 -> -300
A24: Total | B24: =SUM(B16:B23) -> 23 | C24: =SUM(C16:C23) -> 26815.14 | D24: =SUM(D16:D23) -> 26790.14 | E24: =SUM(E16:E23) -> 25
A26: Widget rows sharing a duplicated line_id | B26: =COUNTIF(Widget_Data!$I$5:$I$500,TRUE()) -> 2
A27: Note: a small net variance can hide large offsetting differences - review the gross categories, not just the net.

Sheet Report_Data
A1: Report cost lines (SAMPLE DATA - replace)
A4: line_id | B4: cost_date | C4: cost_centre | D4: description | E4: amount | F4: In month? (1/0) | G4: Widget amount counted | H4: Category | I4: Variance contribution | J4: Widget rows | K4: Widget status (first row)
A5: R-1001 | B5: 46237 | C5: OPS | D5: Vendor invoice | E5: 1200 | F5: =IF(A5="","",IF(AND(B5>=Summary!$B$3,B5<=Summary!$B$5),1,0)) -> 1 | G5: =IF(A5="","",SUMIFS(Widget_Data!$E$5:$E$500,Widget_Data!$A$5:$A$500,A5,Widget_Data!$C$5:$C$500,Summary!$B$4,Widget_Data!$D$5:$D$500,">="&Summary!$B$3,Widget_Data!$D$5:$D$500,"<="&Summary!$B$5)) -> 1200 | H5: =IF(A5="","",IF(AND(F5=1,G5>0,ABS(E5-G5)<0.005),"Matched",IF(AND(F5=1,G5>0),"Amount differs",IF(AND(F5=1,J5=0),"Missing in widget",IF(AND(F5=1,K5<>Summary!$B$4),"In widget - not approved",IF(F5=1,"In widget - approved in other month",IF(G5>0,"Counted by widget - cost dated other month","Out of month - not in widget"))))))) -> Matched | I5: =IF(A5="","",F5*E5-G5) -> 0 | J5: =IF(A5="","",COUNTIF(Widget_Data!$A$5:$A$500,A5)) -> 1 | K5: =IF(OR(A5="",J5=0),"",INDEX(Widget_Data!$C$5:$C$500,MATCH(A5,Widget_Data!$A$5:$A$500,0))) -> Approved
A6: R-1002 | B6: 46238 | C6: OPS | D6: Travel | E6: 845.5 | F6: =IF(A6="","",IF(AND(B6>=Summary!$B$3,B6<=Summary!$B$5),1,0)) -> 1 | G6: =IF(A6="","",SUMIFS(Widget_Data!$E$5:$E$500,Widget_Data!$A$5:$A$500,A6,Widget_Data!$C$5:$C$500,Summary!$B$4,Widget_Data!$D$5:$D$500,">="&Summary!$B$3,Widget_Data!$D$5:$D$500,"<="&Summary!$B$5)) -> 845.5 | H6: =IF(A6="","",IF(AND(F6=1,G6>0,ABS(E6-G6)<0.005),"Matched",IF(AND(F6=1,G6>0),"Amount differs",IF(AND(F6=1,J6=0),"Missing in widget",IF(AND(F6=1,K6<>Summary!$B$4),"In widget - not approved",IF(F6=1,"In widget - approved in other month",IF(G6>0,"Counted by widget - cost dated other month","Out of month - not in widget"))))))) -> Matched | I6: =IF(A6="","",F6*E6-G6) -> 0 | J6: =IF(A6="","",COUNTIF(Widget_Data!$A$5:$A$500,A6)) -> 1 | K6: =IF(OR(A6="",J6=0),"",INDEX(Widget_Data!$C$5:$C$500,MATCH(A6,Widget_Data!$A$5:$A$500,0))) -> Approved
A7: R-1003 | B7: 46232 | C7: FIN | D7: Audit fees | E7: 640 | F7: =IF(A7="","",IF(AND(B7>=Summary!$B$3,B7<=Summary!$B$5),1,0)) -> 0 | G7: =IF(A7="","",SUMIFS(Widget_Data!$E$5:$E$500,Widget_Data!$A$5:$A$500,A7,Widget_Data!$C$5:$C$500,Summary!$B$4,Widget_Data!$D$5:$D$500,">="&Summary!$B$3,Widget_Data!$D$5:$D$500,"<="&Summary!$B$5)) -> 640 | H7: =IF(A7="","",IF(AND(F7=1,G7>0,ABS(E7-G7)<0.005),"Matched",IF(AND(F7=1,G7>0),"Amount differs",IF(AND(F7=1,J7=0),"Missing in widget",IF(AND(F7=1,K7<>Summary!$B$4),"In widget - not approved",IF(F7=1,"In widget - approved in other month",IF(G7>0,"Counted by widget - cost dated other month","Out of month - not in widget"))))))) -> Counted by widget - cost dated other month | I7: =IF(A7="","",F7*E7-G7) -> -640 | J7: =IF(A7="","",COUNTIF(Widget_Data!$A$5:$A$500,A7)) -> 1 | K7: =IF(OR(A7="",J7=0),"",INDEX(Widget_Data!$C$5:$C$500,MATCH(A7,Widget_Data!$A$5:$A$500,0))) -> Approved
A8: R-1004 | B8: 46240 | C8: FIN | D8: Software | E8: 2310.75 | F8: =IF(A8="","",IF(AND(B8>=Summary!$B$3,B8<=Summary!$B$5),1,0)) -> 1 | G8: =IF(A8="","",SUMIFS(Widget_Data!$E$5:$E$500,Widget_Data!$A$5:$A$500,A8,Widget_Data!$C$5:$C$500,Summary!$B$4,Widget_Data!$D$5:$D$500,">="&Summary!$B$3,Widget_Data!$D$5:$D$500,"<="&Summary!$B$5)) -> 2310.75 | H8: =IF(A8="","",IF(AND(F8=1,G8>0,ABS(E8-G8)<0.005),"Matched",IF(AND(F8=1,G8>0),"Amount differs",IF(AND(F8=1,J8=0),"Missing in widget",IF(AND(F8=1,K8<>Summary!$B$4),"In widget - not approved",IF(F8=1,"In widget - approved in other month",IF(G8>0,"Counted by widget - cost dated other month","Out of month - not in widget"))))))) -> Matched | I8: =IF(A8="","",F8*E8-G8) -> 0 | J8: =IF(A8="","",COUNTIF(Widget_Data!$A$5:$A$500,A8)) -> 1 | K8: =IF(OR(A8="",J8=0),"",INDEX(Widget_Data!$C$5:$C$500,MATCH(A8,Widget_Data!$A$5:$A$500,0))) -> Approved
A9: R-1005 | B9: 46241 | C9: HR | D9: Training | E9: 399.99 | F9: =IF(A9="","",IF(AND(B9>=Summary!$B$3,B9<=Summary!$B$5),1,0)) -> 1 | G9: =IF(A9="","",SUMIFS(Widget_Data!$E$5:$E$500,Widget_Data!$A$5:$A$500,A9,Widget_Data!$C$5:$C$500,Summary!$B$4,Widget_Data!$D$5:$D$500,">="&Summary!$B$3,Widget_Data!$D$5:$D$500,"<="&Summary!$B$5)) -> 399.99 | H9: =IF(A9="","",IF(AND(F9=1,G9>0,ABS(E9-G9)<0.005),"Matched",IF(AND(F9=1,G9>0),"Amount differs",IF(AND(F9=1,J9=0),"Missing in widget",IF(AND(F9=1,K9<>Summary!$B$4),"In widget - not approved",IF(F9=1,"In widget - approved in other month",IF(G9>0,"Counted by widget - cost dated other month","Out of month - not in widget"))))))) -> Matched | I9: =IF(A9="","",F9*E9-G9) -> 0 | J9: =IF(A9="","",COUNTIF(Widget_Data!$A$5:$A$500,A9)) -> 1 | K9: =IF(OR(A9="",J9=0),"",INDEX(Widget_Data!$C$5:$C$500,MATCH(A9,Widget_Data!$A$5:$A$500,0))) -> Approved
A10: R-1006 | B10: 46244 | C10: HR | D10: Recruitment | E10: 1750 | F10: =IF(A10="","",IF(AND(B10>=Summary!$B$3,B10<=Summary!$B$5),1,0)) -> 1 | G10: =IF(A10="","",SUMIFS(Widget_Data!$E$5:$E$500,Widget_Data!$A$5:$A$500,A10,Widget_Data!$C$5:$C$500,Summary!$B$4,Widget_Data!$D$5:$D$500,">="&Summary!$B$3,Widget_Data!$D$5:$D$500,"<="&Summary!$B$5)) -> 1750 | H10: =IF(A10="","",IF(AND(F10=1,G10>0,ABS(E10-G10)<0.005),"Matched",IF(AND(F10=1,G10>0),"Amount differs",IF(AND(F10=1,J10=0),"Missing in widget",IF(AND(F10=1,K10<>Summary!$B$4),"In widget - not approved",IF(F10=1,"In widget - approved in other month",IF(G10>0,"Counted by widget - cost dated other month","Out of month - not in widget"))))))) -> Matched | I10: =IF(A10="","",F10*E10-G10) -> 0 | J10: =IF(A10="","",COUNTIF(Widget_Data!$A$5:$A$500,A10)) -> 1 | K10: =IF(OR(A10="",J10=0),"",INDEX(Widget_Data!$C$5:$C$500,MATCH(A10,Widget_Data!$A$5:$A$500,0))) -> Approved
A11: R-1007 | B11: 46245 | C11: IT | D11: Hardware | E11: 980 | F11: =IF(A11="","",IF(AND(B11>=Summary!$B$3,B11<=Summary!$B$5),1,0)) -> 1 | G11: =IF(A11="","",SUMIFS(Widget_Data!$E$5:$E$500,Widget_Data!$A$5:$A$500,A11,Widget_Data!$C$5:$C$500,Summary!$B$4,Widget_Data!$D$5:$D$500,">="&Summary!$B$3,Widget_Data!$D$5:$D$500,"<="&Summary!$B$5)) -> 0 | H11: =IF(A11="","",IF(AND(F11=1,G11>0,ABS(E11-G11)<0.005),"Matched",IF(AND(F11=1,G11>0),"Amount differs",IF(AND(F11=1,J11=0),"Missing in widget",IF(AND(F11=1,K11<>Summary!$B$4),"In widget - not approved",IF(F11=1,"In widget - approved in other month",IF(G11>0,"Counted by widget - cost dated other month","Out of month - not in widget"))))))) -> Missing in widget | I11: =IF(A11="","",F11*E11-G11) -> 980 | J11: =IF(A11="","",COUNTIF(Widget_Data!$A$5:$A$500,A11)) -> 0 | K11: =IF(OR(A11="",J11=0),"",INDEX(Widget_Data!$C$5:$C$500,MATCH(A11,Widget_Data!$A$5:$A$500,0)))
A12: R-1008 | B12: 46246 | C12: IT | D12: Cloud hosting | E12: 4200 | F12: =IF(A12="","",IF(AND(B12>=Summary!$B$3,B12<=Summary!$B$5),1,0)) -> 1 | G12: =IF(A12="","",SUMIFS(Widget_Data!$E$5:$E$500,Widget_Data!$A$5:$A$500,A12,Widget_Data!$C$5:$C$500,Summary!$B$4,Widget_Data!$D$5:$D$500,">="&Summary!$B$3,Widget_Data!$D$5:$D$500,"<="&Summary!$B$5)) -> 4200 | H12: =IF(A12="","",IF(AND(F12=1,G12>0,ABS(E12-G12)<0.005),"Matched",IF(AND(F12=1,G12>0),"Amount differs",IF(AND(F12=1,J12=0),"Missing in widget",IF(AND(F12=1,K12<>Summary!$B$4),"In widget - not approved",IF(F12=1,"In widget - approved in other month",IF(G12>0,"Counted by widget - cost dated other month","Out of month - not in widget"))))))) -> Matched | I12: =IF(A12="","",F12*E12-G12) -> 0 | J12: =IF(A12="","",COUNTIF(Widget_Data!$A$5:$A$500,A12)) -> 1 | K12: =IF(OR(A12="",J12=0),"",INDEX(Widget_Data!$C$5:$C$500,MATCH(A12,Widget_Data!$A$5:$A$500,0))) -> Approved
A13: R-1009 | B13: 46247 | C13: OPS | D13: Supplies | E13: 125.4 | F13: =IF(A13="","",IF(AND(B13>=Summary!$B$3,B13<=Summary!$B$5),1,0)) -> 1 | G13: =IF(A13="","",SUMIFS(Widget_Data!$E$5:$E$500,Widget_Data!$A$5:$A$500,A13,Widget_Data!$C$5:$C$500,Summary!$B$4,Widget_Data!$D$5:$D$500,">="&Summary!$B$3,Widget_Data!$D$5:$D$500,"<="&Summary!$B$5)) -> 125.4 | H13: =IF(A13="","",IF(AND(F13=1,G13>0,ABS(E13-G13)<0.005),"Matched",IF(AND(F13=1,G13>0),"Amount differs",IF(AND(F13=1,J13=0),"Missing in widget",IF(AND(F13=1,K13<>Summary!$B$4),"In widget - not approved",IF(F13=1,"In widget - approved in other month",IF(G13>0,"Counted by widget - cost dated other month","Out of month - not in widget"))))))) -> Matched | I13: =IF(A13="","",F13*E13-G13) -> 0 | J13: =IF(A13="","",COUNTIF(Widget_Data!$A$5:$A$500,A13)) -> 1 | K13: =IF(OR(A13="",J13=0),"",INDEX(Widget_Data!$C$5:$C$500,MATCH(A13,Widget_Data!$A$5:$A$500,0))) -> Approved
A14: R-1010 | B14: 46248 | C14: OPS | D14: Maintenance | E14: 560 | F14: =IF(A14="","",IF(AND(B14>=Summary!$B$3,B14<=Summary!$B$5),1,0)) -> 1 | G14: =IF(A14="","",SUMIFS(Widget_Data!$E$5:$E$500,Widget_Data!$A$5:$A$500,A14,Widget_Data!$C$5:$C$500,Summary!$B$4,Widget_Data!$D$5:$D$500,">="&Summary!$B$3,Widget_Data!$D$5:$D$500,"<="&Summary!$B$5)) -> 560 | H14: =IF(A14="","",IF(AND(F14=1,G14>0,ABS(E14-G14)<0.005),"Matched",IF(AND(F14=1,G14>0),"Amount differs",IF(AND(F14=1,J14=0),"Missing in widget",IF(AND(F14=1,K14<>Summary!$B$4),"In widget - not approved",IF(F14=1,"In widget - approved in other month",IF(G14>0,"Counted by widget - cost dated other month","Out of month - not in widget"))))))) -> Matched | I14: =IF(A14="","",F14*E14-G14) -> 0 | J14: =IF(A14="","",COUNTIF(Widget_Data!$A$5:$A$500,A14)) -> 1 | K14: =IF(OR(A14="",J14=0),"",INDEX(Widget_Data!$C$5:$C$500,MATCH(A14,Widget_Data!$A$5:$A$500,0))) -> Approved
A15: R-1011 | B15: 46251 | C15: FIN | D15: Consulting | E15: 3015.2 | F15: =IF(A15="","",IF(AND(B15>=Summary!$B$3,B15<=Summary!$B$5),1,0)) -> 1 | G15: =IF(A15="","",SUMIFS(Widget_Data!$E$5:$E$500,Widget_Data!$A$5:$A$500,A15,Widget_Data!$C$5:$C$500,Summary!$B$4,Widget_Data!$D$5:$D$500,">="&Summary!$B$3,Widget_Data!$D$5:$D$500,"<="&Summary!$B$5)) -> 3015.2 | H15: =IF(A15="","",IF(AND(F15=1,G15>0,ABS(E15-G15)<0.005),"Matched",IF(AND(F15=1,G15>0),"Amount differs",IF(AND(F15=1,J15=0),"Missing in widget",IF(AND(F15=1,K15<>Summary!$B$4),"In widget - not approved",IF(F15=1,"In widget - approved in other month",IF(G15>0,"Counted by widget - cost dated other month","Out of month - not in widget"))))))) -> Matched | I15: =IF(A15="","",F15*E15-G15) -> 0 | J15: =IF(A15="","",COUNTIF(Widget_Data!$A$5:$A$500,A15)) -> 1 | K15: =IF(OR(A15="",J15=0),"",INDEX(Widget_Data!$C$5:$C$500,MATCH(A15,Widget_Data!$A$5:$A$500,0))) -> Approved
A16: R-1012 | B16: 46252 | C16: FIN | D16: Legal | E16: 1250 | F16: =IF(A16="","",IF(AND(B16>=Summary!$B$3,B16<=Summary!$B$5),1,0)) -> 1 | G16: =IF(A16="","",SUMIFS(Widget_Data!$E$5:$E$500,Widget_Data!$A$5:$A$500,A16,Widget_Data!$C$5:$C$500,Summary!$B$4,Widget_Data!$D$5:$D$500,">="&Summary!$B$3,Widget_Data!$D$5:$D$500,"<="&Summary!$B$5)) -> 1205 | H16: =IF(A16="","",IF(AND(F16=1,G16>0,ABS(E16-G16)<0.005),"Matched",IF(AND(F16=1,G16>0),"Amount differs",IF(AND(F16=1,J16=0),"Missing in widget",IF(AND(F16=1,K16<>Summary!$B$4),"In widget - not approved",IF(F16=1,"In widget - approved in other month",IF(G16>0,"Counted by widget - cost dated other month","Out of month - not in widget"))))))) -> Amount differs | I16: =IF(A16="","",F16*E16-G16) -> 45 | J16: =IF(A16="","",COUNTIF(Widget_Data!$A$5:$A$500,A16)) -> 1 | K16: =IF(OR(A16="",J16=0),"",INDEX(Widget_Data!$C$5:$C$500,MATCH(A16,Widget_Data!$A$5:$A$500,0))) -> Approved
... A26: R-1022 | B26: 46260 | C26: FIN | D26: Subscriptions | E26: 275.25 | F26: =IF(A26="","",IF(AND(B26>=Summary!$B$3,B26<=Summary!$B$5),1,0)) -> 1 | G26: =IF(A26="","",SUMIFS(Widget_Data!$E$5:$E$500,Widget_Data!$A$5:$A$500,A26,Widget_Data!$C$5:$C$500,Summary!$B$4,Widget_Data!$D$5:$D$500,">="&Summary!$B$3,Widget_Data!$D$5:$D$500,"<="&Summary!$B$5)) -> 275.25 | H26: =IF(A26="","",IF(AND(F26=1,G26>0,ABS(E26-G26)<0.005),"Matched",IF(AND(F26=1,G26>0),"Amount differs",IF(AND(F26=1,J26=0),"Missing in widget",IF(AND(F26=1,K26<>Summary!$B$4),"In widget - not approved",IF(F26=1,"In widget - approved in other month",IF(G26>0,"Counted by widget - cost dated other month","Out of month - not in widget"))))))) -> Matched | I26: =IF(A26="","",F26*E26-G26) -> 0 | J26: =IF(A26="","",COUNTIF(Widget_Data!$A$5:$A$500,A26)) -> 1 | K26: =IF(OR(A26="",J26=0),"",INDEX(Widget_Data!$C$5:$C$500,MATCH(A26,Widget_Data!$A$5:$A$500,0))) -> Approved
F27: =IF(A27="","",IF(AND(B27>=Summary!$B$3,B27<=Summary!$B$5),1,0)) | G27: =IF(A27="","",SUMIFS(Widget_Data!$E$5:$E$500,Widget_Data!$A$5:$A$500,A27,Widget_Data!$C$5:$C$500,Summary!$B$4,Widget_Data!$D$5:$D$500,">="&Summary!$B$3,Widget_Data!$D$5:$D$500,"<="&Summary!$B$5)) | H27: =IF(A27="","",IF(AND(F27=1,G27>0,ABS(E27-G27)<0.005),"Matched",IF(AND(F27=1,G27>0),"Amount differs",IF(AND(F27=1,J27=0),"Missing in widget",IF(AND(F27=1,K27<>Summary!$B$4),"In widget - not approved",IF(F27=1,"In widget - approved in other month",IF(G27>0,"Counted by widget - cost dated other month","Out of month - not in widget"))))))) | I27: =IF(A27="","",F27*E27-G27) | J27: =IF(A27="","",COUNTIF(Widget_Data!$A$5:$A$500,A27)) | K27: =IF(OR(A27="",J27=0),"",INDEX(Widget_Data!$C$5:$C$500,MATCH(A27,Widget_Data!$A$5:$A$500,0)))
F28: =IF(A28="","",IF(AND(B28>=Summary!$B$3,B28<=Summary!$B$5),1,0)) | G28: =IF(A28="","",SUMIFS(Widget_Data!$E$5:$E$500,Widget_Data!$A$5:$A$500,A28,Widget_Data!$C$5:$C$500,Summary!$B$4,Widget_Data!$D$5:$D$500,">="&Summary!$B$3,Widget_Data!$D$5:$D$500,"<="&Summary!$B$5)) | H28: =IF(A28="","",IF(AND(F28=1,G28>0,ABS(E28-G28)<0.005),"Matched",IF(AND(F28=1,G28>0),"Amount differs",IF(AND(F28=1,J28=0),"Missing in widget",IF(AND(F28=1,K28<>Summary!$B$4),"In widget - not approved",IF(F28=1,"In widget - approved in other month",IF(G28>0,"Counted by widget - cost dated other month","Out of month - not in widget"))))))) | I28: =IF(A28="","",F28*E28-G28) | J28: =IF(A28="","",COUNTIF(Widget_Data!$A$5:$A$500,A28)) | K28: =IF(OR(A28="",J28=0),"",INDEX(Widget_Data!$C$5:$C$500,MATCH(A28,Widget_Data!$A$5:$A$500,0)))
F29: =IF(A29="","",IF(AND(B29>=Summary!$B$3,B29<=Summary!$B$5),1,0)) | G29: =IF(A29="","",SUMIFS(Widget_Data!$E$5:$E$500,Widget_Data!$A$5:$A$500,A29,Widget_Data!$C$5:$C$500,Summary!$B$4,Widget_Data!$D$5:$D$500,">="&Summary!$B$3,Widget_Data!$D$5:$D$500,"<="&Summary!$B$5)) | H29: =IF(A29="","",IF(AND(F29=1,G29>0,ABS(E29-G29)<0.005),"Matched",IF(AND(F29=1,G29>0),"Amount differs",IF(AND(F29=1,J29=0),"Missing in widget",IF(AND(F29=1,K29<>Summary!$B$4),"In widget - not approved",IF(F29=1,"In widget - approved in other month",IF(G29>0,"Counted by widget - cost dated other month","Out of month - not in widget"))))))) | I29: =IF(A29="","",F29*E29-G29) | J29: =IF(A29="","",COUNTIF(Widget_Data!$A$5:$A$500,A29)) | K29: =IF(OR(A29="",J29=0),"",INDEX(Widget_Data!$C$5:$C$500,MATCH(A29,Widget_Data!$A$5:$A$500,0)))
F30: =IF(A30="","",IF(AND(B30>=Summary!$B$3,B30<=Summary!$B$5),1,0)) | G30: =IF(A30="","",SUMIFS(Widget_Data!$E$5:$E$500,Widget_Data!$A$5:$A$500,A30,Widget_Data!$C$5:$C$500,Summary!$B$4,Widget_Data!$D$5:$D$500,">="&Summary!$B$3,Widget_Data!$D$5:$D$500,"<="&Summary!$B$5)) | H30: =IF(A30="","",IF(AND(F30=1,G30>0,ABS(E30-G30)<0.005),"Matched",IF(AND(F30=1,G30>0),"Amount differs",IF(AND(F30=1,J30=0),"Missing in widget",IF(AND(F30=1,K30<>Summary!$B$4),"In widget - not approved",IF(F30=1,"In widget - approved in other month",IF(G30>0,"Counted by widget - cost dated other month","Out of month - not in widget"))))))) | I30: =IF(A30="","",F30*E30-G30) | J30: =IF(A30="","",COUNTIF(Widget_Data!$A$5:$A$500,A30)) | K30: =IF(OR(A30="",J30=0),"",INDEX(Widget_Data!$C$5:$C$500,MATCH(A30,Widget_Data!$A$5:$A$500,0)))
F31: =IF(A31="","",IF(AND(B31>=Summary!$B$3,B31<=Summary!$B$5),1,0)) | G31: =IF(A31="","",SUMIFS(Widget_Data!$E$5:$E$500,Widget_Data!$A$5:$A$500,A31,Widget_Data!$C$5:$C$500,Summary!$B$4,Widget_Data!$D$5:$D$500,">="&Summary!$B$3,Widget_Data!$D$5:$D$500,"<="&Summary!$B$5)) | H31: =IF(A31="","",IF(AND(F31=1,G31>0,ABS(E31-G31)<0.005),"Matched",IF(AND(F31=1,G31>0),"Amount differs",IF(AND(F31=1,J31=0),"Missing in widget",IF(AND(F31=1,K31<>Summary!$B$4),"In widget - not approved",IF(F31=1,"In widget - approved in other month",IF(G31>0,"Counted by widget - cost dated other month","Out of month - not in widget"))))))) | I31: =IF(A31="","",F31*E31-G31) | J31: =IF(A31="","",COUNTIF(Widget_Data!$A$5:$A$500,A31)) | K31: =IF(OR(A31="",J31=0),"",INDEX(Widget_Data!$C$5:$C$500,MATCH(A31,Widget_Data!$A$5:$A$500,0)))
F32: =IF(A32="","",IF(AND(B32>=Summary!$B$3,B32<=Summary!$B$5),1,0)) | G32: =IF(A32="","",SUMIFS(Widget_Data!$E$5:$E$500,Widget_Data!$A$5:$A$500,A32,Widget_Data!$C$5:$C$500,Summary!$B$4,Widget_Data!$D$5:$D$500,">="&Summary!$B$3,Widget_Data!$D$5:$D$500,"<="&Summary!$B$5)) | H32: =IF(A32="","",IF(AND(F32=1,G32>0,ABS(E32-G32)<0.005),"Matched",IF(AND(F32=1,G32>0),"Amount differs",IF(AND(F32=1,J32=0),"Missing in widget",IF(AND(F32=1,K32<>Summary!$B$4),"In widget - not approved",IF(F32=1,"In widget - approved in other month",IF(G32>0,"Counted by widget - cost dated other month","Out of month - not in widget"))))))) | I32: =IF(A32="","",F32*E32-G32) | J32: =IF(A32="","",COUNTIF(Widget_Data!$A$5:$A$500,A32)) | K32: =IF(OR(A32="",J32=0),"",INDEX(Widget_Data!$C$5:$C$500,MATCH(A32,Widget_Data!$A$5:$A$500,0)))
F33: =IF(A33="","",IF(AND(B33>=Summary!$B$3,B33<=Summary!$B$5),1,0)) | G33: =IF(A33="","",SUMIFS(Widget_Data!$E$5:$E$500,Widget_Data!$A$5:$A$500,A33,Widget_Data!$C$5:$C$500,Summary!$B$4,Widget_Data!$D$5:$D$500,">="&Summary!$B$3,Widget_Data!$D$5:$D$500,"<="&Summary!$B$5)) | H33: =IF(A33="","",IF(AND(F33=1,G33>0,ABS(E33-G33)<0.005),"Matched",IF(AND(F33=1,G33>0),"Amount differs",IF(AND(F33=1,J33=0),"Missing in widget",IF(AND(F33=1,K33<>Summary!$B$4),"In widget - not approved",IF(F33=1,"In widget - approved in other month",IF(G33>0,"Counted by widget - cost dated other month","Out of month - not in widget"))))))) | I33: =IF(A33="","",F33*E33-G33) | J33: =IF(A33="","",COUNTIF(Widget_Data!$A$5:$A$500,A33)) | K33: =IF(OR(A33="",J33=0),"",INDEX(Widget_Data!$C$5:$C$500,MATCH(A33,Widget_Data!$A$5:$A$500,0)))
F34: =IF(A34="","",IF(AND(B34>=Summary!$B$3,B34<=Summary!$B$5),1,0)) | G34: =IF(A34="","",SUMIFS(Widget_Data!$E$5:$E$500,Widget_Data!$A$5:$A$500,A34,Widget_Data!$C$5:$C$500,Summary!$B$4,Widget_Data!$D$5:$D$500,">="&Summary!$B$3,Widget_Data!$D$5:$D$500,"<="&Summary!$B$5)) | H34: =IF(A34="","",IF(AND(F34=1,G34>0,ABS(E34-G34)<0.005),"Matched",IF(AND(F34=1,G34>0),"Amount differs",IF(AND(F34=1,J34=0),"Missing in widget",IF(AND(F34=1,K34<>Summary!$B$4),"In widget - not approved",IF(F34=1,"In widget - approved in other month",IF(G34>0,"Counted by widget - cost dated other month","Out of month - not in widget"))))))) | I34: =IF(A34="","",F34*E34-G34) | J34: =IF(A34="","",COUNTIF(Widget_Data!$A$5:$A$500,A34)) | K34: =IF(OR(A34="",J34=0),"",INDEX(Widget_Data!$C$5:$C$500,MATCH(A34,Widget_Data!$A$5:$A$500,0)))
F35: =IF(A35="","",IF(AND(B35>=Summary!$B$3,B35<=Summary!$B$5),1,0)) | G35: =IF(A35="","",SUMIFS(Widget_Data!$E$5:$E$500,Widget_Data!$A$5:$A$500,A35,Widget_Data!$C$5:$C$500,Summary!$B$4,Widget_Data!$D$5:$D$500,">="&Summary!$B$3,Widget_Data!$D$5:$D$500,"<="&Summary!$B$5)) | H35: =IF(A35="","",IF(AND(F35=1,G35>0,ABS(E35-G35)<0.005),"Matched",IF(AND(F35=1,G35>0),"Amount differs",IF(AND(F35=1,J35=0),"Missing in widget",IF(AND(F35=1,K35<>Summary!$B$4),"In widget - not approved",IF(F35=1,"In widget - approved in other month",IF(G35>0,"Counted by widget - cost dated other month","Out of month - not in widget"))))))) | I35: =IF(A35="","",F35*E35-G35) | J35: =IF(A35="","",COUNTIF(Widget_Data!$A$5:$A$500,A35)) | K35: =IF(OR(A35="",J35=0),"",INDEX(Widget_Data!$C$5:$C$500,MATCH(A35,Widget_Data!$A$5:$A$500,0)))
F36: =IF(A36="","",IF(AND(B36>=Summary!$B$3,B36<=Summary!$B$5),1,0)) | G36: =IF(A36="","",SUMIFS(Widget_Data!$E$5:$E$500,Widget_Data!$A$5:$A$500,A36,Widget_Data!$C$5:$C$500,Summary!$B$4,Widget_Data!$D$5:$D$500,">="&Summary!$B$3,Widget_Data!$D$5:$D$500,"<="&Summary!$B$5)) | H36: =IF(A36="","",IF(AND(F36=1,G36>0,ABS(E36-G36)<0.005),"Matched",IF(AND(F36=1,G36>0),"Amount differs",IF(AND(F36=1,J36=0),"Missing in widget",IF(AND(F36=1,K36<>Summary!$B$4),"In widget - not approved",IF(F36=1,"In widget - approved in other month",IF(G36>0,"Counted by widget - cost dated other month","Out of month - not in widget"))))))) | I36: =IF(A36="","",F36*E36-G36) | J36: =IF(A36="","",COUNTIF(Widget_Data!$A$5:$A$500,A36)) | K36: =IF(OR(A36="",J36=0),"",INDEX(Widget_Data!$C$5:$C$500,MATCH(A36,Widget_Data!$A$5:$A$500,0)))
F37: =IF(A37="","",IF(AND(B37>=Summary!$B$3,B37<=Summary!$B$5),1,0)) | G37: =IF(A37="","",SUMIFS(Widget_Data!$E$5:$E$500,Widget_Data!$A$5:$A$500,A37,Widget_Data!$C$5:$C$500,Summary!$B$4,Widget_Data!$D$5:$D$500,">="&Summary!$B$3,Widget_Data!$D$5:$D$500,"<="&Summary!$B$5)) | H37: =IF(A37="","",IF(AND(F37=1,G37>0,ABS(E37-G37)<0.005),"Matched",IF(AND(F37=1,G37>0),"Amount differs",IF(AND(F37=1,J37=0),"Missing in widget",IF(AND(F37=1,K37<>Summary!$B$4),"In widget - not approved",IF(F37=1,"In widget - approved in other month",IF(G37>0,"Counted by widget - cost dated other month","Out of month - not in widget"))))))) | I37: =IF(A37="","",F37*E37-G37) | J37: =IF(A37="","",COUNTIF(Widget_Data!$A$5:$A$500,A37)) | K37: =IF(OR(A37="",J37=0),"",INDEX(Widget_Data!$C$5:$C$500,MATCH(A37,Widget_Data!$A$5:$A$500,0)))
F38: =IF(A38="","",IF(AND(B38>=Summary!$B$3,B38<=Summary!$B$5),1,0)) | G38: =IF(A38="","",SUMIFS(Widget_Data!$E$5:$E$500,Widget_Data!$A$5:$A$500,A38,Widget_Data!$C$5:$C$500,Summary!$B$4,Widget_Data!$D$5:$D$500,">="&Summary!$B$3,Widget_Data!$D$5:$D$500,"<="&Summary!$B$5)) | H38: =IF(A38="","",IF(AND(F38=1,G38>0,ABS(E38-G38)<0.005),"Matched",IF(AND(F38=1,G38>0),"Amount differs",IF(AND(F38=1,J38=0),"Missing in widget",IF(AND(F38=1,K38<>Summary!$B$4),"In widget - not approved",IF(F38=1,"In widget - approved in other month",IF(G38>0,"Counted by widget - cost dated other month","Out of month - not in widget"))))))) | I38: =IF(A38="","",F38*E38-G38) | J38: =IF(A38="","",COUNTIF(Widget_Data!$A$5:$A$500,A38)) | K38: =IF(OR(A38="",J38=0),"",INDEX(Widget_Data!$C$5:$C$500,MATCH(A38,Widget_Data!$A$5:$A$500,0)))
... F154: =IF(A154="","",IF(AND(B154>=Summary!$B$3,B154<=Summary!$B$5),1,0)) | G154: =IF(A154="","",SUMIFS(Widget_Data!$E$5:$E$500,Widget_Data!$A$5:$A$500,A154,Widget_Data!$C$5:$C$500,Summary!$B$4,Widget_Data!$D$5:$D$500,">="&Summary!$B$3,Widget_Data!$D$5:$D$500,"<="&Summary!$B$5)) | H154: =IF(A154="","",IF(AND(F154=1,G154>0,ABS(E154-G154)<0.005),"Matched",IF(AND(F154=1,G154>0),"Amount differs",IF(AND(F154=1,J154=0),"Missing in widget",IF(AND(F154=1,K154<>Summary!$B$4),"In widget - not approved",IF(F154=1,"In widget - approved in other month",IF(G154>0,"Counted by widget - cost dated other month","Out of month - not in widget"))))))) | I154: =IF(A154="","",F154*E154-G154) | J154: =IF(A154="","",COUNTIF(Widget_Data!$A$5:$A$500,A154)) | K154: =IF(OR(A154="",J154=0),"",INDEX(Widget_Data!$C$5:$C$500,MATCH(A154,Widget_Data!$A$5:$A$500,0)))

Sheet Widget_Data
A1: Manager Approval widget items (SAMPLE DATA - replace)
A4: line_id | B4: approver | C4: status | D4: approved_date | E4: amount | F4: cost_centre | G4: Counted in widget total | H4: Widget-only variance | I4: Duplicate line_id? | J4: In report?
A5: R-1001 | B5: A. Patel | C5: Approved | D5: 46238 | E5: 1200 | F5: OPS | G5: =IF(A5="","",IF(AND(C5=Summary!$B$4,D5>=Summary!$B$3,D5<=Summary!$B$5),E5,0)) -> 1200 | H5: =IF(A5="","",IF(J5,0,-G5)) -> 0 | I5: =IF(A5="","",COUNTIF($A$5:$A$500,A5)>1) -> FALSE | J5: =IF(A5="","",COUNTIF(Report_Data!$A$5:$A$500,A5)>0) -> TRUE
A6: R-1002 | B6: A. Patel | C6: Approved | D6: 46239 | E6: 845.5 | F6: OPS | G6: =IF(A6="","",IF(AND(C6=Summary!$B$4,D6>=Summary!$B$3,D6<=Summary!$B$5),E6,0)) -> 845.5 | H6: =IF(A6="","",IF(J6,0,-G6)) -> 0 | I6: =IF(A6="","",COUNTIF($A$5:$A$500,A6)>1) -> FALSE | J6: =IF(A6="","",COUNTIF(Report_Data!$A$5:$A$500,A6)>0) -> TRUE
A7: R-1003 | B7: B. Jones | C7: Approved | D7: 46237 | E7: 640 | F7: FIN | G7: =IF(A7="","",IF(AND(C7=Summary!$B$4,D7>=Summary!$B$3,D7<=Summary!$B$5),E7,0)) -> 640 | H7: =IF(A7="","",IF(J7,0,-G7)) -> 0 | I7: =IF(A7="","",COUNTIF($A$5:$A$500,A7)>1) -> FALSE | J7: =IF(A7="","",COUNTIF(Report_Data!$A$5:$A$500,A7)>0) -> TRUE
A8: R-1004 | B8: B. Jones | C8: Approved | D8: 46241 | E8: 2310.75 | F8: FIN | G8: =IF(A8="","",IF(AND(C8=Summary!$B$4,D8>=Summary!$B$3,D8<=Summary!$B$5),E8,0)) -> 2310.75 | H8: =IF(A8="","",IF(J8,0,-G8)) -> 0 | I8: =IF(A8="","",COUNTIF($A$5:$A$500,A8)>1) -> FALSE | J8: =IF(A8="","",COUNTIF(Report_Data!$A$5:$A$500,A8)>0) -> TRUE
A9: R-1005 | B9: C. Wood | C9: Approved | D9: 46242 | E9: 399.99 | F9: HR | G9: =IF(A9="","",IF(AND(C9=Summary!$B$4,D9>=Summary!$B$3,D9<=Summary!$B$5),E9,0)) -> 399.99 | H9: =IF(A9="","",IF(J9,0,-G9)) -> 0 | I9: =IF(A9="","",COUNTIF($A$5:$A$500,A9)>1) -> FALSE | J9: =IF(A9="","",COUNTIF(Report_Data!$A$5:$A$500,A9)>0) -> TRUE
A10: R-1006 | B10: C. Wood | C10: Approved | D10: 46245 | E10: 1750 | F10: HR | G10: =IF(A10="","",IF(AND(C10=Summary!$B$4,D10>=Summary!$B$3,D10<=Summary!$B$5),E10,0)) -> 1750 | H10: =IF(A10="","",IF(J10,0,-G10)) -> 0 | I10: =IF(A10="","",COUNTIF($A$5:$A$500,A10)>1) -> FALSE | J10: =IF(A10="","",COUNTIF(Report_Data!$A$5:$A$500,A10)>0) -> TRUE
A11: R-1008 | B11: D. Khan | C11: Approved | D11: 46247 | E11: 4200 | F11: IT | G11: =IF(A11="","",IF(AND(C11=Summary!$B$4,D11>=Summary!$B$3,D11<=Summary!$B$5),E11,0)) -> 4200 | H11: =IF(A11="","",IF(J11,0,-G11)) -> 0 | I11: =IF(A11="","",COUNTIF($A$5:$A$500,A11)>1) -> FALSE | J11: =IF(A11="","",COUNTIF(Report_Data!$A$5:$A$500,A11)>0) -> TRUE
A12: R-1009 | B12: A. Patel | C12: Approved | D12: 46248 | E12: 125.4 | F12: OPS | G12: =IF(A12="","",IF(AND(C12=Summary!$B$4,D12>=Summary!$B$3,D12<=Summary!$B$5),E12,0)) -> 125.4 | H12: =IF(A12="","",IF(J12,0,-G12)) -> 0 | I12: =IF(A12="","",COUNTIF($A$5:$A$500,A12)>1) -> FALSE | J12: =IF(A12="","",COUNTIF(Report_Data!$A$5:$A$500,A12)>0) -> TRUE
A13: R-1010 | B13: A. Patel | C13: Approved | D13: 46251 | E13: 560 | F13: OPS | G13: =IF(A13="","",IF(AND(C13=Summary!$B$4,D13>=Summary!$B$3,D13<=Summary!$B$5),E13,0)) -> 560 | H13: =IF(A13="","",IF(J13,0,-G13)) -> 0 | I13: =IF(A13="","",COUNTIF($A$5:$A$500,A13)>1) -> FALSE | J13: =IF(A13="","",COUNTIF(Report_Data!$A$5:$A$500,A13)>0) -> TRUE
A14: R-1011 | B14: B. Jones | C14: Approved | D14: 46252 | E14: 3015.2 | F14: FIN | G14: =IF(A14="","",IF(AND(C14=Summary!$B$4,D14>=Summary!$B$3,D14<=Summary!$B$5),E14,0)) -> 3015.2 | H14: =IF(A14="","",IF(J14,0,-G14)) -> 0 | I14: =IF(A14="","",COUNTIF($A$5:$A$500,A14)>1) -> FALSE | J14: =IF(A14="","",COUNTIF(Report_Data!$A$5:$A$500,A14)>0) -> TRUE
A15: R-1012 | B15: B. Jones | C15: Approved | D15: 46253 | E15: 1205 | F15: FIN | G15: =IF(A15="","",IF(AND(C15=Summary!$B$4,D15>=Summary!$B$3,D15<=Summary!$B$5),E15,0)) -> 1205 | H15: =IF(A15="","",IF(J15,0,-G15)) -> 0 | I15: =IF(A15="","",COUNTIF($A$5:$A$500,A15)>1) -> FALSE | J15: =IF(A15="","",COUNTIF(Report_Data!$A$5:$A$500,A15)>0) -> TRUE
A16: R-1013 | B16: C. Wood | C16: Approved | D16: 46254 | E16: 87.65 | F16: HR | G16: =IF(A16="","",IF(AND(C16=Summary!$B$4,D16>=Summary!$B$3,D16<=Summary!$B$5),E16,0)) -> 87.65 | H16: =IF(A16="","",IF(J16,0,-G16)) -> 0 | I16: =IF(A16="","",COUNTIF($A$5:$A$500,A16)>1) -> FALSE | J16: =IF(A16="","",COUNTIF(Report_Data!$A$5:$A$500,A16)>0) -> TRUE
A17: R-1014 | B17: D. Khan | C17: Approved | D17: 46255 | E17: 2640 | F17: IT | G17: =IF(A17="","",IF(AND(C17=Summary!$B$4,D17>=Summary!$B$3,D17<=Summary!$B$5),E17,0)) -> 2640 | H17: =IF(A17="","",IF(J17,0,-G17)) -> 0 | I17: =IF(A17="","",COUNTIF($A$5:$A$500,A17)>1) -> FALSE | J17: =IF(A17="","",COUNTIF(Report_Data!$A$5:$A$500,A17)>0) -> TRUE
A18: R-1015 | B18: A. Patel | C18: Pending | E18: 715 | F18: OPS | G18: =IF(A18="","",IF(AND(C18=Summary!$B$4,D18>=Summary!$B$3,D18<=Summary!$B$5),E18,0)) -> 0 | H18: =IF(A18="","",IF(J18,0,-G18)) -> 0 | I18: =IF(A18="","",COUNTIF($A$5:$A$500,A18)>1) -> FALSE | J18: =IF(A18="","",COUNTIF(Report_Data!$A$5:$A$500,A18)>0) -> TRUE
A19: R-1016 | B19: A. Patel | C19: Approved | D19: 46259 | E19: 1980.3 | F19: OPS | G19: =IF(A19="","",IF(AND(C19=Summary!$B$4,D19>=Summary!$B$3,D19<=Summary!$B$5),E19,0)) -> 1980.3 | H19: =IF(A19="","",IF(J19,0,-G19)) -> 0 | I19: =IF(A19="","",COUNTIF($A$5:$A$500,A19)>1) -> FALSE | J19: =IF(A19="","",COUNTIF(Report_Data!$A$5:$A$500,A19)>0) -> TRUE
A20: R-1017 | B20: B. Jones | C20: Approved | D20: 46260 | E20: 455 | F20: FIN | G20: =IF(A20="","",IF(AND(C20=Summary!$B$4,D20>=Summary!$B$3,D20<=Summary!$B$5),E20,0)) -> 455 | H20: =IF(A20="","",IF(J20,0,-G20)) -> 0 | I20: =IF(A20="","",COUNTIF($A$5:$A$500,A20)>1) -> FALSE | J20: =IF(A20="","",COUNTIF(Report_Data!$A$5:$A$500,A20)>0) -> TRUE
A21: R-1018 | B21: D. Khan | C21: Approved | D21: 46266 | E21: 1320 | F21: IT | G21: =IF(A21="","",IF(AND(C21=Summary!$B$4,D21>=Summary!$B$3,D21<=Summary!$B$5),E21,0)) -> 0 | H21: =IF(A21="","",IF(J21,0,-G21)) -> 0 | I21: =IF(A21="","",COUNTIF($A$5:$A$500,A21)>1) -> FALSE | J21: =IF(A21="","",COUNTIF(Report_Data!$A$5:$A$500,A21)>0) -> TRUE
A22: R-1019 | B22: C. Wood | C22: Approved | D22: 46262 | E22: 610.1 | F22: HR | G22: =IF(A22="","",IF(AND(C22=Summary!$B$4,D22>=Summary!$B$3,D22<=Summary!$B$5),E22,0)) -> 610.1 | H22: =IF(A22="","",IF(J22,0,-G22)) -> 0 | I22: =IF(A22="","",COUNTIF($A$5:$A$500,A22)>1) -> FALSE | J22: =IF(A22="","",COUNTIF(Report_Data!$A$5:$A$500,A22)>0) -> TRUE
A23: R-1020 | B23: D. Khan | C23: Approved | D23: 46263 | E23: 2095 | F23: IT | G23: =IF(A23="","",IF(AND(C23=Summary!$B$4,D23>=Summary!$B$3,D23<=Summary!$B$5),E23,0)) -> 2095 | H23: =IF(A23="","",IF(J23,0,-G23)) -> 0 | I23: =IF(A23="","",COUNTIF($A$5:$A$500,A23)>1) -> TRUE | J23: =IF(A23="","",COUNTIF(Report_Data!$A$5:$A$500,A23)>0) -> TRUE
A24: R-1020 | B24: D. Khan | C24: Approved | D24: 46263 | E24: 2095 | F24: IT | G24: =IF(A24="","",IF(AND(C24=Summary!$B$4,D24>=Summary!$B$3,D24<=Summary!$B$5),E24,0)) -> 2095 | H24: =IF(A24="","",IF(J24,0,-G24)) -> 0 | I24: =IF(A24="","",COUNTIF($A$5:$A$500,A24)>1) -> TRUE | J24: =IF(A24="","",COUNTIF(Report_Data!$A$5:$A$500,A24)>0) -> TRUE
A25: R-1022 | B25: B. Jones | C25: Approved | D25: 46261 | E25: 275.25 | F25: FIN | G25: =IF(A25="","",IF(AND(C25=Summary!$B$4,D25>=Summary!$B$3,D25<=Summary!$B$5),E25,0)) -> 275.25 | H25: =IF(A25="","",IF(J25,0,-G25)) -> 0 | I25: =IF(A25="","",COUNTIF($A$5:$A$500,A25)>1) -> FALSE | J25: =IF(A25="","",COUNTIF(Report_Data!$A$5:$A$500,A25)>0) -> TRUE
A26: X-9001 | B26: A. Patel | C26: Approved | D26: 46249 | E26: 300 | F26: OPS | G26: =IF(A26="","",IF(AND(C26=Summary!$B$4,D26>=Summary!$B$3,D26<=Summary!$B$5),E26,0)) -> 300 | H26: =IF(A26="","",IF(J26,0,-G26)) -> -300 | I26: =IF(A26="","",COUNTIF($A$5:$A$500,A26)>1) -> FALSE | J26: =IF(A26="","",COUNTIF(Report_Data!$A$5:$A$500,A26)>0) -> FALSE
G27: =IF(A27="","",IF(AND(C27=Summary!$B$4,D27>=Summary!$B$3,D27<=Summary!$B$5),E27,0)) | H27: =IF(A27="","",IF(J27,0,-G27)) | I27: =IF(A27="","",COUNTIF($A$5:$A$500,A27)>1) | J27: =IF(A27="","",COUNTIF(Report_Data!$A$5:$A$500,A27)>0)
G28: =IF(A28="","",IF(AND(C28=Summary!$B$4,D28>=Summary!$B$3,D28<=Summary!$B$5),E28,0)) | H28: =IF(A28="","",IF(J28,0,-G28)) | I28: =IF(A28="","",COUNTIF($A$5:$A$500,A28)>1) | J28: =IF(A28="","",COUNTIF(Report_Data!$A$5:$A$500,A28)>0)
G29: =IF(A29="","",IF(AND(C29=Summary!$B$4,D29>=Summary!$B$3,D29<=Summary!$B$5),E29,0)) | H29: =IF(A29="","",IF(J29,0,-G29)) | I29: =IF(A29="","",COUNTIF($A$5:$A$500,A29)>1) | J29: =IF(A29="","",COUNTIF(Report_Data!$A$5:$A$500,A29)>0)
G30: =IF(A30="","",IF(AND(C30=Summary!$B$4,D30>=Summary!$B$3,D30<=Summary!$B$5),E30,0)) | H30: =IF(A30="","",IF(J30,0,-G30)) | I30: =IF(A30="","",COUNTIF($A$5:$A$500,A30)>1) | J30: =IF(A30="","",COUNTIF(Report_Data!$A$5:$A$500,A30)>0)
G31: =IF(A31="","",IF(AND(C31=Summary!$B$4,D31>=Summary!$B$3,D31<=Summary!$B$5),E31,0)) | H31: =IF(A31="","",IF(J31,0,-G31)) | I31: =IF(A31="","",COUNTIF($A$5:$A$500,A31)>1) | J31: =IF(A31="","",COUNTIF(Report_Data!$A$5:$A$500,A31)>0)
G32: =IF(A32="","",IF(AND(C32=Summary!$B$4,D32>=Summary!$B$3,D32<=Summary!$B$5),E32,0)) | H32: =IF(A32="","",IF(J32,0,-G32)) | I32: =IF(A32="","",COUNTIF($A$5:$A$500,A32)>1) | J32: =IF(A32="","",COUNTIF(Report_Data!$A$5:$A$500,A32)>0)
G33: =IF(A33="","",IF(AND(C33=Summary!$B$4,D33>=Summary!$B$3,D33<=Summary!$B$5),E33,0)) | H33: =IF(A33="","",IF(J33,0,-G33)) | I33: =IF(A33="","",COUNTIF($A$5:$A$500,A33)>1) | J33: =IF(A33="","",COUNTIF(Report_Data!$A$5:$A$500,A33)>0)
G34: =IF(A34="","",IF(AND(C34=Summary!$B$4,D34>=Summary!$B$3,D34<=Summary!$B$5),E34,0)) | H34: =IF(A34="","",IF(J34,0,-G34)) | I34: =IF(A34="","",COUNTIF($A$5:$A$500,A34)>1) | J34: =IF(A34="","",COUNTIF(Report_Data!$A$5:$A$500,A34)>0)
G35: =IF(A35="","",IF(AND(C35=Summary!$B$4,D35>=Summary!$B$3,D35<=Summary!$B$5),E35,0)) | H35: =IF(A35="","",IF(J35,0,-G35)) | I35: =IF(A35="","",COUNTIF($A$5:$A$500,A35)>1) | J35: =IF(A35="","",COUNTIF(Report_Data!$A$5:$A$500,A35)>0)
G36: =IF(A36="","",IF(AND(C36=Summary!$B$4,D36>=Summary!$B$3,D36<=Summary!$B$5),E36,0)) | H36: =IF(A36="","",IF(J36,0,-G36)) | I36: =IF(A36="","",COUNTIF($A$5:$A$500,A36)>1) | J36: =IF(A36="","",COUNTIF(Report_Data!$A$5:$A$500,A36)>0)
G37: =IF(A37="","",IF(AND(C37=Summary!$B$4,D37>=Summary!$B$3,D37<=Summary!$B$5),E37,0)) | H37: =IF(A37="","",IF(J37,0,-G37)) | I37: =IF(A37="","",COUNTIF($A$5:$A$500,A37)>1) | J37: =IF(A37="","",COUNTIF(Report_Data!$A$5:$A$500,A37)>0)
G38: =IF(A38="","",IF(AND(C38=Summary!$B$4,D38>=Summary!$B$3,D38<=Summary!$B$5),E38,0)) | H38: =IF(A38="","",IF(J38,0,-G38)) | I38: =IF(A38="","",COUNTIF($A$5:$A$500,A38)>1) | J38: =IF(A38="","",COUNTIF(Report_Data!$A$5:$A$500,A38)>0)
... G154: =IF(A154="","",IF(AND(C154=Summary!$B$4,D154>=Summary!$B$3,D154<=Summary!$B$5),E154,0)) | H154: =IF(A154="","",IF(J154,0,-G154)) | I154: =IF(A154="","",COUNTIF($A$5:$A$500,A154)>1) | J154: =IF(A154="","",COUNTIF(Report_Data!$A$5:$A$500,A154)>0)
